project,fault,runtime
Chart,1,266
Chart,2,832
Chart,3,103
Chart,4,2208
Chart,5,289
Chart,6,522
Chart,7,21
Chart,8,24
Chart,9,84
Chart,10,7
Chart,11,159
Chart,12,636
Chart,13,272
Chart,14,1750
Chart,15,869
Chart,16,30
Chart,17,89
Chart,18,97
Chart,19,1112
Chart,20,316
Chart,21,24
Chart,22,53
Chart,23,10
Chart,24,18
Chart,25,53
Chart,26,2311
Chart,200154,1062
Chart,200157,1102
Chart,200158,1113
Chart,200159,1121
Chart,200160,1114
Chart,200164,1116
Chart,200167,1147
Chart,200320,1087
Chart,200323,1154
Chart,200324,1137
Chart,200325,1157
Chart,200326,1135
Chart,200330,1151
Chart,300265,148
Chart,300266,148
Chart,400483,2494
Chart,500080,429
Chart,500081,425
Chart,500082,422
Chart,500084,409
Chart,500085,425
Chart,500086,402
Chart,500087,434
Chart,500088,447
Chart,600004,763
Chart,600005,858
Chart,600006,773
Chart,600007,806
Chart,600008,911
Chart,600009,1019
Chart,600010,1266
Chart,900243,115
Chart,900244,152
Chart,900245,148
Chart,900246,181
Chart,900247,171
Chart,900248,163
Chart,900249,174
Chart,900250,251
Chart,900251,194
Chart,1100044,1276
Chart,1200001,906
Chart,1300227,735
Chart,1300228,621
Chart,1300229,653
Chart,1300230,888
Chart,1400231,1365
Chart,1400232,2237
Chart,1400264,2229
Chart,1400265,2427
Chart,1400751,2197
Chart,1400752,2206
Chart,1400778,3293
Chart,1400779,1212
Chart,1500082,1084
Chart,1500110,1095
Chart,1600017,42
Chart,1600018,42
Chart,1600019,42
Chart,1600020,45
Chart,1600021,42
Chart,1600022,41
Chart,1600044,41
Chart,1700178,132
Chart,1700179,103
Chart,1800107,405
Chart,1800108,477
Chart,1800111,532
Chart,1800112,444
Chart,1800113,536
Chart,1800202,510
Chart,1900077,1814
Chart,1900112,799
Chart,2100062,29
Chart,2100063,34
Chart,2100064,30
Chart,2100065,35
Chart,2100066,33
Chart,2100067,34
Chart,2100068,30
Chart,2100069,29
Chart,2100070,35
Chart,2100071,33
Chart,2100072,30
Chart,2100073,30
Chart,2100074,34
Chart,2100075,37
Chart,2100076,33
Chart,2100077,31
Chart,2100078,31
Chart,2100079,35
Chart,2100080,30
Chart,2100081,36
Chart,2100082,33
Chart,2100083,31
Chart,2100084,31
Chart,2100085,35
Chart,2100086,31
Chart,2200034,83
Chart,2200035,83
Chart,2200036,77
Chart,2200037,89
Chart,2200038,69
Chart,2200039,83
Chart,2200040,82
Chart,2200068,70
Chart,2200069,83
Chart,2200070,83
Chart,2200071,68
Chart,2200072,72
Chart,2200073,80
Chart,2200074,81
Chart,2200075,79
Chart,2200076,83
Chart,2200077,69
Chart,2200078,72
Chart,2200079,79
Chart,2200080,77
Chart,2200081,81
Chart,2200082,77
Chart,2200086,67
Chart,2200087,83
Chart,2200088,68
Chart,2200100,77
Chart,2200101,78
Chart,2200102,69
Chart,2300009,31
Chart,2300010,30
Chart,2300011,33
Chart,2300012,18
Chart,2300013,30
Chart,2300014,31
Chart,2300015,19
Chart,2300016,30
Chart,2300017,31
Chart,2300018,33
Chart,2300019,20
Chart,2300020,18
Chart,2400011,24
Chart,2400012,25
Chart,2400013,25
Chart,2400014,25
Chart,2400015,25
Chart,2400016,22
Chart,2400017,22
Chart,2400018,24
Chart,2400019,24
Chart,2400020,25
Chart,2400021,25
Chart,2400022,25
Chart,2400023,22
Chart,2400024,21
Chart,2400025,23
Chart,2500004,67
Chart,2500005,66
Chart,2500007,69
Chart,2500011,37
Chart,2500012,35
Chart,2500014,66
Chart,2600120,2857
Closure,1,3428
Closure,2,75271
Closure,3,3019
Closure,4,75610
Closure,5,459
Closure,6,76593
Closure,7,60589
Closure,8,2174
Closure,9,604
Closure,10,66057
Closure,11,69179
Closure,12,2931
Closure,13,871
Closure,14,31304
Closure,15,2624
Closure,16,3244
Closure,17,66402
Closure,18,65604
Closure,19,75384
Closure,20,2704
Closure,21,70478
Closure,22,58871
Closure,23,2759
Closure,24,2716
Closure,25,21566
Closure,26,70436
Closure,27,16474
Closure,28,5019
Closure,29,401
Closure,30,2851
Closure,31,77746
Closure,32,38763
Closure,33,64558
Closure,34,18006
Closure,35,20904
Closure,36,3313
Closure,37,64382
Closure,38,25662
Closure,39,4948
Closure,40,644
Closure,41,57650
Closure,42,29640
Closure,43,49754
Closure,44,23983
Closure,45,1345
Closure,46,13831
Closure,47,63078
Closure,48,52438
Closure,49,13325
Closure,50,762
Closure,51,31375
Closure,52,24835
Closure,53,872
Closure,54,69167
Closure,55,742
Closure,56,5409
Closure,57,39757
Closure,58,1265
Closure,59,85455
Closure,60,66716
Closure,61,51408
Closure,62,8516
Closure,63,1781
Closure,64,60629
Closure,65,25523
Closure,66,49108
Closure,67,951
Closure,68,23162
Closure,69,48694
Closure,70,53816
Closure,71,48792
Closure,72,462
Closure,73,23721
Closure,74,1198
Closure,75,45637
Closure,76,135
Closure,77,22274
Closure,78,1319
Closure,79,40965
Closure,80,5136
Closure,81,26722
Closure,82,53988
Closure,83,469
Closure,84,26220
Closure,85,641
Closure,86,40584
Closure,87,950
Closure,88,895
Closure,89,3660
Closure,90,51133
Closure,91,682
Closure,92,11695
Closure,93,11448
Closure,94,4790
Closure,95,14821
Closure,96,39871
Closure,97,566
Closure,98,2526
Closure,99,512
Closure,100,569
Closure,101,225
Closure,102,5661
Closure,103,12655
Closure,104,15635
Closure,105,669
Closure,106,7852
Closure,107,185
Closure,108,3703
Closure,109,32707
Closure,110,44699
Closure,111,17785
Closure,112,26118
Closure,113,20244
Closure,114,6021
Closure,115,5481
Closure,116,911
Closure,117,31619
Closure,118,76623
Closure,119,1078
Closure,120,82170
Closure,121,3712
Closure,122,48234
Closure,123,30938
Closure,124,413
Closure,125,30213
Closure,126,2146
Closure,127,2921
Closure,128,27887
Closure,129,75735
Closure,130,4643
Closure,131,20449
Closure,132,3125
Closure,133,35186
Closure,100127,2222
Closure,100128,2101
Closure,100129,4480
Closure,200620,81416
Closure,200621,71837
Closure,300031,4033
Closure,300032,3892
Closure,300112,1878
Closure,300113,1807
Closure,300114,3509
Closure,300115,3595
Closure,400024,74071
Closure,400025,71409
Closure,400032,71928
Closure,500041,3194
Closure,500042,3313
Closure,500043,6934
Closure,600101,81336
Closure,600105,76256
Closure,600106,70228
Closure,700063,60212
Closure,700064,63631
Closure,700065,61341
Closure,700066,64110
Closure,800061,2979
Closure,800062,2918
Closure,800063,2841
Closure,800064,3011
Closure,800065,2836
Closure,800066,2934
Closure,800067,3023
Closure,800068,2978
Closure,800069,2830
Closure,800070,2928
Closure,800071,2801
Closure,800072,1370
Closure,800073,2878
Closure,900013,793
Closure,900057,797
Closure,1000477,62727
Closure,1100637,71015
Closure,1100638,1277
Closure,1200020,3440
Closure,1200021,3728
Closure,1200022,3766
Closure,1300036,6467
Closure,1400295,36143
Closure,1500007,3413
Closure,1500008,3516
Closure,1500009,3609
Closure,1600036,4228
Closure,1600038,4280
Closure,1600039,4167
Closure,1600040,4137
Closure,1600207,4062
Closure,1700518,64304
Closure,1700519,62921
Closure,1700520,65966
Closure,1700521,64422
Closure,1700522,67918
Closure,1700523,28583
Closure,1700524,27501
Closure,1700525,61865
Closure,1700526,18052
Closure,1800259,70808
Closure,1800260,62574
Closure,1900023,24051
Closure,2000081,3639
Closure,2000082,3642
Closure,2000083,3692
Closure,2000084,3712
Closure,2000085,3564
Closure,2000086,3489
Closure,2100013,62322
Closure,2100014,65511
Closure,2100015,62124
Closure,2100024,64936
Closure,2100025,60621
Closure,2100026,62754
Closure,2100027,62707
Closure,2100028,62925
Closure,2100029,61555
Closure,2100030,60147
Closure,2100031,71395
Closure,2200013,62487
Closure,2200014,61682
Closure,2200015,60587
Closure,2200017,59226
Closure,2200018,59958
Closure,2200019,60841
Closure,2200020,59130
Closure,2300757,3681
Closure,2300758,3478
Closure,2300759,3527
Closure,2300760,3683
Closure,2300761,3566
Closure,2300762,3570
Closure,2300763,3461
Closure,2400078,1373
Closure,2400079,3684
Closure,2400080,3660
Closure,2400081,3589
Closure,2400082,3558
Closure,2400083,3506
Closure,2400089,3483
Closure,2400090,3502
Closure,2400091,3385
Closure,2400092,3446
Closure,2500549,65147
Closure,2500551,55712
Closure,2500569,36388
Closure,2500571,30080
Closure,2600021,70743
Closure,2600068,65043
Closure,2600069,67115
Closure,2600070,66981
Closure,2600078,65890
Closure,2700016,19810
Closure,2700033,19748
Closure,2800025,6565
Closure,2900028,3188
Closure,2900041,3095
Closure,2900042,6165
Closure,2900043,3131
Closure,2900044,3497
Closure,2900045,3284
Closure,2900046,2159
Closure,2900047,3318
Closure,2900060,3116
Closure,3000004,3395
Closure,3000098,3204
Closure,3000099,3195
Closure,3000101,2064
Closure,3000102,3360
Closure,3000103,3429
Closure,3000114,3316
Closure,3000115,3164
Closure,3000116,3162
Closure,3000143,3359
Closure,3100236,33857
Closure,3100237,61238
Closure,3200568,50911
Closure,3200569,51910
Closure,3200570,46382
Closure,3200571,48639
Closure,3200572,48849
Closure,3200573,49856
Closure,3200574,50316
Closure,3200581,49941
Closure,3200582,49401
Closure,3200583,49356
Closure,3200589,48916
Closure,3200590,44285
Closure,3200591,48127
Closure,3200592,47156
Closure,3200593,49436
Closure,3200594,50618
Closure,3200595,22458
Closure,3200596,51715
Closure,3200597,49216
Closure,3200598,51615
Closure,3200599,49483
Closure,3200600,45684
Closure,3200601,50052
Closure,3200602,14135
Closure,3200603,47743
Closure,3200604,59671
Closure,3200605,49863
Closure,3200606,49171
Closure,3200607,50014
Closure,3200635,49176
Closure,3300231,68723
Closure,3300232,67658
Closure,3300233,35467
Closure,3400052,23095
Closure,3400053,22550
Closure,3400054,22863
Closure,3400055,22551
Closure,3400056,22212
Closure,3400057,23217
Closure,3400058,23281
Closure,3400601,22824
Closure,3400602,23432
Closure,3401068,22806
Closure,3401069,22644
Closure,3401070,23201
Closure,3401071,22866
Closure,3401072,22877
Closure,3401073,22532
Closure,3401074,22990
Closure,3500574,25641
Closure,3500575,58142
Closure,3600284,4258
Closure,3600285,4065
Closure,3700114,60720
Closure,3700115,58986
Closure,3700445,59988
Closure,3700446,64761
Closure,3700447,63601
Closure,3800113,33830
Closure,3800114,34512
Closure,3800115,34511
Closure,3800116,35457
Closure,3800117,35623
Closure,3800118,34320
Closure,3800119,34416
Closure,3800120,34784
Closure,3800121,37173
Closure,3900157,37403
Closure,3900159,37942
Closure,3900160,38061
Closure,3900161,38180
Closure,3900162,36708
Closure,3900163,37009
Closure,3900164,37809
Closure,4000121,5198
Closure,4100185,66629
Closure,4100186,56691
Closure,4100188,63064
Closure,4100190,59083
Closure,4100191,57789
Closure,4200207,36990
Closure,4200208,37329
Closure,4200209,40356
Closure,4300131,52963
Closure,4300132,55910
Closure,4300133,56535
Closure,4300134,68528
Closure,4300135,58057
Closure,4300136,53025
Closure,4300137,52538
Closure,4300138,57192
Closure,4300139,55554
Closure,4300140,57128
Closure,4300141,58586
Closure,4300155,55645
Closure,4300156,56208
Closure,4300158,56926
Closure,4300159,57407
Closure,4300161,55389
Closure,4300162,22674
Closure,4300163,54485
Closure,4300164,55795
Closure,4400061,31631
Closure,4400062,32447
Closure,4400063,32050
Closure,4400064,31209
Closure,4400065,32257
Closure,4400066,31842
Closure,4400067,32180
Closure,4400068,28044
Closure,4400069,31603
Closure,4400070,31649
Closure,4400071,31453
Closure,4500292,1530
Closure,4500300,1656
Closure,4500301,1561
Closure,4500302,1545
Closure,4500303,1599
Closure,4500304,1610
Closure,4500305,1640
Closure,4500306,1505
Closure,4500307,1608
Closure,4500308,1603
Closure,4500309,1651
Closure,4500310,3321
Closure,4500375,2020
Closure,4700232,60774
Closure,4700233,58063
Closure,4700234,61546
Closure,4700235,64457
Closure,4700236,63765
Closure,4700237,58435
Closure,4700238,60648
Closure,4700239,59311
Closure,4700240,59334
Closure,4700241,64253
Closure,4700242,42177
Closure,4700243,64748
Closure,4700316,71502
Closure,4700317,56514
Closure,4700318,56755
Closure,4700319,58122
Closure,4700320,61078
Closure,4700321,68962
Closure,4700322,60377
Closure,4700323,17658
Closure,4700324,60244
Closure,4700325,59464
Closure,4700326,60165
Closure,4700327,60467
Closure,4700328,59753
Closure,4800617,53610
Closure,4800618,63527
Closure,4800619,18000
Closure,4800620,57356
Closure,4800621,52855
Closure,4800622,61021
Closure,4800623,55581
Closure,4800624,69388
Closure,4800625,56803
Closure,4800626,56261
Closure,4800627,56902
Closure,4800628,57016
Closure,4800629,57672
Closure,4800630,53587
Closure,4900013,17063
Closure,4900014,17986
Closure,4900033,17401
Closure,4900034,16488
Closure,4900035,18682
Closure,4900036,20354
Closure,4900037,16891
Closure,4900038,17474
Closure,4900039,16233
Closure,4900040,20236
Closure,4900054,17439
Closure,4900056,17230
Closure,5000206,912
Closure,5000207,858
Closure,5000208,905
Closure,5000209,907
Closure,5000217,861
Closure,5000218,909
Closure,5000219,905
Closure,5000220,862
Closure,5000221,886
Closure,5000222,926
Closure,5000223,900
Closure,5000224,891
Closure,5000225,912
Closure,5000226,891
Closure,5000227,897
Closure,5000228,883
Closure,5000229,908
Closure,5100109,32734
Closure,5100110,31146
Closure,5100111,32816
Closure,5100112,32073
Closure,5100113,32250
Closure,5200559,31831
Closure,5200560,33140
Closure,5200561,33833
Closure,5200562,32948
Closure,5200563,31512
Closure,5200564,32153
Closure,5200565,33136
Closure,5200566,31425
Closure,5200567,31749
Closure,5200568,31720
Closure,5200569,27708
Closure,5200570,31459
Closure,5300122,1053
Closure,5300123,1093
Closure,5300124,1055
Closure,5400077,63658
Closure,5400078,67866
Closure,5400079,65096
Closure,5400080,64942
Closure,5400081,66032
Closure,5400082,65449
Closure,5400083,69084
Closure,5400084,67711
Closure,5400086,67125
Closure,5400092,71871
Closure,5400997,66992
Closure,5400998,66774
Closure,5400999,72506
Closure,5401000,33966
Closure,5401001,68507
Closure,5401002,66004
Closure,5401003,64083
Closure,5401004,78802
Closure,5500021,1097
Closure,5500022,1039
Closure,5500023,1042
Closure,5600037,25869
Closure,5600038,51048
Closure,5600039,14645
Closure,5700073,58932
Closure,5700074,52366
Closure,5700075,61530
Closure,5700076,53148
Closure,5700077,62512
Closure,5700078,45827
Closure,5700079,50055
Closure,5800042,794
Closure,5800044,756
Closure,5900024,63701
Closure,5900025,60497
Closure,5900026,71449
Closure,6000021,26406
Closure,6000034,65044
Closure,6000035,55629
Closure,6000037,64134
Closure,6100373,56795
Closure,6100374,54268
Closure,6100375,52377
Closure,6100376,51454
Closure,6100377,51670
Closure,6100378,61319
Closure,6100379,51354
Closure,6200021,12010
Closure,6200022,12125
Closure,6200023,13629
Closure,6200024,12280
Closure,6200025,13015
Closure,6400256,58105
Closure,6400257,56856
Closure,6400258,63143
Closure,6400259,61229
Closure,6400284,61663
Closure,6400285,63310
Closure,6400286,61462
Closure,6400287,62641
Closure,6400288,26118
Closure,6500715,31699
Closure,6500716,32611
Closure,6600101,53306
Closure,6600102,55316
Closure,6700147,1239
Closure,6700148,1267
Closure,6700149,1221
Closure,6700150,1172
Closure,6700151,1214
Closure,6700152,1300
Closure,6700153,1213
Closure,6700154,1176
Closure,6700155,1416
Closure,6700156,1243
Closure,6700157,1296
Closure,6700158,1215
Closure,6700159,1195
Closure,6700160,1158
Closure,6800409,34173
Closure,6800721,32506
Closure,6800753,29555
Closure,6900581,53521
Closure,6900582,63527
Closure,6900583,62221
Closure,6900584,54020
Closure,6900585,52757
Closure,6900586,54017
Closure,6900587,50779
Closure,6900588,55535
Closure,6900589,56678
Closure,6900590,67052
Closure,6900591,58390
Closure,6900592,53814
Closure,6900593,54339
Closure,6900594,53935
Closure,6900595,54833
Closure,6900596,53741
Closure,6900597,50126
Closure,7000797,18812
Closure,7000798,55986
Closure,7100162,55504
Closure,7100163,51528
Closure,7100164,53733
Closure,7100165,54621
Closure,7100166,55575
Closure,7100167,55784
Closure,7100168,53547
Closure,7100169,53464
Closure,7200034,3667
Closure,7200035,1416
Closure,7200177,3805
Closure,7200178,3806
Closure,7200179,3795
Closure,7300878,30575
Closure,7300879,29688
Closure,7300880,29851
Closure,7300882,26665
Closure,7300883,27995
Closure,7300884,34665
Closure,7300885,30286
Closure,7300886,30449
Closure,7300887,32593
Closure,7300889,27539
Closure,7300890,35821
Closure,7300891,29953
Closure,7400501,1402
Closure,7400502,1457
Closure,7400573,1565
Closure,7400574,1574
Closure,7400575,1613
Closure,7400576,1914
Closure,7400577,1937
Closure,7400578,1568
Closure,7400579,1460
Closure,7500107,48683
Closure,7500108,51651
Closure,7600123,1109
Closure,7600124,960
Closure,7600125,979
Closure,7600126,976
Closure,7600127,1015
Closure,7600128,1005
Closure,7600129,1168
Closure,7600130,960
Closure,7600131,991
Closure,7600132,1076
Closure,7600133,1014
Closure,7600134,1197
Closure,7600137,961
Closure,7600144,974
Closure,7600157,946
Closure,7600158,989
Closure,7600160,284
Closure,7700699,28426
Closure,7700700,26437
Closure,7900014,48426
Closure,7900344,2019
Closure,8100225,34944
Closure,8100226,30660
Closure,8100227,73314
Closure,8100228,33875
Closure,8100229,35911
Closure,8200013,55438
Closure,8200014,54875
Closure,8200015,55537
Closure,8200016,59036
Closure,8200017,54708
Closure,8200018,56881
Closure,8200019,56859
Closure,8200021,55010
Closure,8200022,53829
Closure,8200023,57283
Closure,8300022,524
Closure,8300023,531
Closure,8400147,71269
Closure,8400148,40378
Closure,8400149,30919
Closure,8400150,32168
Closure,8400381,38536
Closure,8400382,34471
Closure,8400383,36193
Closure,8400384,34241
Closure,8400385,35481
Closure,8400386,34882
Closure,8400387,36001
Closure,8400388,35171
Closure,8400395,35480
Closure,8400396,34412
Closure,8500047,739
Closure,8500053,763
Closure,8500054,741
Closure,8500055,760
Closure,8500056,666
Closure,8500057,760
Closure,8500058,664
Closure,8500059,794
Closure,8500060,665
Closure,8600861,48879
Closure,8700261,1080
Closure,8700262,1174
Closure,8700263,988
Closure,8700264,1111
Closure,8700265,947
Closure,8700266,1173
Closure,8700267,985
Closure,8700268,1996
Closure,8700269,1149
Closure,8700270,987
Closure,8700271,945
Closure,8700272,987
Closure,8700273,1175
Closure,8700274,983
Closure,8700275,949
Closure,8700276,1147
Closure,8700277,924
Closure,8800139,947
Closure,8800140,974
Closure,8800141,924
Closure,8800142,947
Closure,8800143,942
Closure,8900395,8234
Closure,8900396,4679
Closure,8900397,4964
Closure,8900398,3806
Closure,8900678,3906
Closure,8900679,3409
Closure,8900680,3947
Closure,8900681,3933
Closure,8900682,3813
Closure,9000351,50422
Closure,9000399,52471
Closure,9000400,51394
Closure,9100045,919
Closure,9100046,845
Closure,9100047,950
Closure,9100048,846
Closure,9100049,835
Closure,9100050,826
Closure,9100051,890
Closure,9100052,850
Closure,9100053,830
Closure,9100054,825
Closure,9100055,673
Closure,9100056,889
Closure,9200386,15265
Closure,9300386,14399
Closure,9400077,43027
Closure,9400078,38017
Closure,9500518,22958
Closure,9500520,20670
Closure,9500523,20712
Closure,9500524,22010
Closure,9500527,22020
Closure,9500528,21284
Closure,9500529,21057
Closure,9500530,23391
Closure,9600526,45756
Closure,9600527,44707
Closure,9600528,86278
Closure,9600529,43126
Closure,9600531,45366
Closure,9600532,44320
Closure,9600533,45677
Closure,9600534,45139
Closure,9600535,37165
Closure,9600536,39029
Closure,9600537,37309
Closure,9600538,35251
Closure,9600539,37194
Closure,9700331,800
Closure,9700332,853
Closure,9700333,598
Closure,9700334,558
Closure,9700335,624
Closure,9800110,2694
Closure,9800111,3202
Closure,9800112,2955
Closure,9800113,2800
Closure,9800114,2951
Closure,9800115,3239
Closure,9800116,3067
Closure,9800117,2844
Closure,9800226,3000
Closure,9800227,2888
Closure,9800228,3696
Closure,9800229,6162
Closure,9800230,2705
Closure,9800231,3241
Closure,9800232,2753
Closure,9800233,2952
Closure,9800234,4246
Closure,9800235,3272
Closure,9800236,2905
Closure,9800237,3040
Closure,9800238,3694
Closure,9900007,577
Closure,9900008,570
Closure,9900009,565
Closure,9900010,575
Closure,9900011,616
Closure,9900012,576
Closure,9900013,577
Closure,9900014,722
Closure,9900015,616
Closure,9900016,580
Closure,9900049,606
Closure,9900050,576
Closure,9900055,613
Closure,9900056,623
Closure,9900057,519
Closure,9900058,617
Closure,9900059,586
Closure,9900060,615
Closure,9900061,577
Closure,10000014,572
Closure,10000015,688
Closure,10000016,578
Closure,10000017,590
Closure,10000018,487
Closure,10000019,581
Closure,10000020,595
Closure,10000021,541
Closure,10000022,577
Closure,10000023,574
Closure,10000024,586
Closure,10000025,488
Closure,10000026,688
Closure,10000027,585
Closure,10000028,558
Closure,10000029,613
Closure,10000030,601
Closure,10000031,689
Closure,10000032,574
Closure,10000068,485
Closure,10000069,575
Closure,10100057,236
Closure,10200007,6539
Closure,10200012,6907
Closure,10300581,14782
Closure,10300582,12913
Closure,10300583,11134
Closure,10300584,13179
Closure,10300585,12794
Closure,10300586,12785
Closure,10300587,14917
Closure,10300588,14839
Closure,10400053,21686
Closure,10400054,21827
Closure,10500983,853
Closure,10500984,720
Closure,10500987,817
Closure,10500990,713
Closure,10500993,747
Closure,10600374,9003
Closure,10600375,9495
Closure,10600456,10159
Closure,10600457,9803
Closure,10700117,1275
Closure,10800062,4760
Closure,10800157,4284
Closure,10800252,4252
Closure,10800253,4786
Closure,10800254,4142
Closure,10800255,4295
Closure,10800256,4780
Closure,10900902,40464
Closure,10900903,36779
Closure,10900904,48923
Closure,11001066,83271
Closure,11001080,2186
Closure,11001081,83324
Closure,11001082,83719
Closure,11001083,83525
Closure,11001093,83823
Closure,11001094,73088
Closure,11001095,5690
Closure,11001096,84100
Closure,11001097,83579
Closure,11001098,3179
Closure,11001099,4831
Closure,11001100,1776
Closure,11001101,84403
Closure,11001108,76931
Closure,11001109,1976
Closure,11001110,79219
Closure,11100001,23039
Closure,11200599,35646
Closure,11300129,26491
Closure,11300130,25070
Closure,11300131,27737
Closure,11300132,26788
Closure,11400097,6876
Closure,11400098,8574
Closure,11400099,9408
Closure,11400100,6551
Closure,11600211,8191
Closure,11600212,7429
Closure,11600213,9298
Closure,11600214,7651
Closure,11600215,7342
Closure,11600234,8769
Closure,11600235,7456
Closure,11600236,9196
Closure,11600237,6703
Closure,11600238,7325
Closure,11700211,71856
Closure,11700212,78646
Closure,11700214,74647
Closure,11700215,9861
Closure,11700216,77556
Closure,11700217,79520
Closure,11700218,78236
Closure,11700219,86355
Closure,11700220,75212
Closure,11700221,78252
Closure,11700222,74277
Closure,11700224,76825
Closure,11700225,80105
Closure,11700226,75751
Closure,11700227,78923
Closure,11700254,79329
Closure,11800129,81704
Closure,11800130,14271
Closure,11800131,80284
Closure,12000125,64785
Closure,12000126,75043
Closure,12100136,4883
Closure,12100137,5020
Closure,12100138,4888
Closure,12100139,4762
Closure,12100140,4719
Closure,12100141,4710
Closure,12100142,5316
Closure,12100143,4224
Closure,12100144,4311
Closure,12100145,4879
Closure,12100146,4905
Closure,12100147,4246
Closure,12100148,4999
Closure,12100149,5005
Closure,12100150,4870
Closure,12100151,4973
Closure,12100152,4918
Closure,12200049,47069
Closure,12200050,50964
Closure,12300193,38036
Closure,12500644,3158
Closure,12500645,66228
Closure,12500646,76629
Closure,12500647,70102
Closure,12500648,76913
Closure,12700049,3578
Closure,12700050,3377
Closure,12700051,3449
Closure,12700052,3184
Closure,12700053,4382
Closure,12700055,3333
Closure,12700056,3395
Closure,12700057,3370
Closure,12700058,3379
Closure,12700059,3407
Closure,12700060,3200
Closure,12700061,3271
Closure,12700062,3188
Closure,12700063,3385
Closure,12800634,47075
Closure,12800635,39497
Closure,12800636,38066
Closure,12800637,39949
Closure,12800645,39302
Closure,12800646,38227
Closure,12800647,45472
Closure,12800648,43657
Closure,12800649,36904
Closure,12800650,36882
Closure,12800651,38777
Closure,12800652,32878
Closure,12800653,36281
Closure,12800654,38321
Closure,12800655,34718
Closure,12800656,32882
Closure,13000018,5152
Closure,13000019,5151
Closure,13000020,5795
Closure,13000021,6044
Closure,13000022,5453
Closure,13000023,5453
Closure,13000024,6153
Closure,13000025,6892
Closure,13000026,5493
Closure,13000027,8023
Closure,13000028,6624
Closure,13000029,6308
Closure,13000030,6661
Closure,13000031,14052
Closure,13000032,5923
Closure,13000033,5525
Closure,13000034,5875
Closure,13000035,5478
Closure,13000036,6135
Closure,13100059,31289
Closure,13100060,29854
Closure,13100062,30834
Closure,13100063,33016
Closure,13100064,37627
Closure,13100065,30950
Closure,13100066,27475
Closure,13100068,32093
Closure,13100069,61784
Closure,13100070,29739
Closure,13100071,30093
Closure,13100072,30206
Closure,13100078,35379
Closure,13100079,30101
Closure,13200410,4424
Closure,13200411,4102
Closure,13200412,4120
Closure,13200413,4114
Closure,13200414,4161
Closure,13200415,4194
Closure,13200416,4194
Closure,13200417,3643
Closure,13200418,4121
Closure,13200419,4464
Closure,13301153,39870
Lang,1,291
Lang,2,20
Lang,3,59
Lang,4,40
Lang,5,16
Lang,6,314
Lang,7,219
Lang,8,87
Lang,9,253
Lang,10,256
Lang,11,13
Lang,12,12
Lang,13,176
Lang,14,1144
Lang,15,10
Lang,16,217
Lang,17,76
Lang,18,105
Lang,19,30
Lang,20,792
Lang,21,35
Lang,22,26
Lang,23,21
Lang,24,158
Lang,25,32
Lang,26,51
Lang,27,149
Lang,28,21
Lang,29,828
Lang,30,1091
Lang,31,1042
Lang,32,19
Lang,33,362
Lang,34,99
Lang,35,1652
Lang,36,161
Lang,37,683
Lang,38,67
Lang,39,737
Lang,40,648
Lang,41,207
Lang,42,72
Lang,43,38
Lang,44,22
Lang,45,143
Lang,46,24
Lang,47,339
Lang,48,329
Lang,49,26
Lang,50,47
Lang,51,163
Lang,52,69
Lang,53,32
Lang,54,14
Lang,55,11
Lang,56,42
Lang,57,17
Lang,58,314
Lang,59,283
Lang,60,301
Lang,61,295
Lang,62,58
Lang,63,13
Lang,64,128
Lang,65,33
Lang,100061,355
Lang,100062,312
Lang,100063,348
Lang,100064,319
Lang,100065,354
Lang,100066,349
Lang,100067,357
Lang,100072,348
Lang,100073,371
Lang,100074,360
Lang,100075,349
Lang,100076,356
Lang,100077,380
Lang,100078,347
Lang,100079,337
Lang,100080,355
Lang,100081,377
Lang,100082,337
Lang,100083,335
Lang,100084,363
Lang,100085,354
Lang,100086,374
Lang,100087,357
Lang,100088,368
Lang,100089,344
Lang,100091,354
Lang,100092,354
Lang,100093,364
Lang,100094,319
Lang,100095,348
Lang,100096,349
Lang,100097,355
Lang,100098,319
Lang,100099,366
Lang,100100,350
Lang,100101,349
Lang,100102,355
Lang,100103,319
Lang,100104,352
Lang,100105,362
Lang,100106,381
Lang,100107,350
Lang,100108,350
Lang,200004,20
Lang,200005,23
Lang,300199,316
Lang,300200,363
Lang,300201,350
Lang,300202,334
Lang,300203,348
Lang,300216,345
Lang,300217,346
Lang,300218,317
Lang,300219,360
Lang,300220,354
Lang,400001,173
Lang,400002,181
Lang,400003,199
Lang,400004,185
Lang,400005,172
Lang,400006,164
Lang,400034,190
Lang,500012,20
Lang,500013,23
Lang,500014,21
Lang,500015,23
Lang,500016,21
Lang,500017,21
Lang,500018,23
Lang,500019,21
Lang,500020,20
Lang,500021,22
Lang,500022,19
Lang,500023,22
Lang,500024,21
Lang,500025,21
Lang,500026,21
Lang,500027,23
Lang,500028,20
Lang,500029,22
Lang,500030,21
Lang,500031,22
Lang,500032,21
Lang,500033,21
Lang,500034,20
Lang,500035,24
Lang,500036,23
Lang,500037,21
Lang,500038,22
Lang,500039,21
Lang,500040,22
Lang,500041,20
Lang,500042,23
Lang,500043,23
Lang,500044,21
Lang,500045,22
Lang,500046,22
Lang,500047,21
Lang,500048,20
Lang,600026,1266
Lang,700052,346
Lang,700053,323
Lang,700054,323
Lang,700055,317
Lang,700056,320
Lang,700057,301
Lang,700058,334
Lang,700059,305
Lang,700060,345
Lang,700210,329
Lang,800447,324
Lang,900026,334
Lang,1000060,324
Lang,1100042,16
Lang,1100043,18
Lang,1200023,15
Lang,1200024,16
Lang,1200025,15
Lang,1200026,17
Lang,1200027,16
Lang,1200028,17
Lang,1200037,17
Lang,1200038,15
Lang,1300021,263
Lang,1300023,252
Lang,1300024,269
Lang,1300025,285
Lang,1300026,299
Lang,1300027,254
Lang,1300028,289
Lang,1300029,251
Lang,1300030,264
Lang,1300031,271
Lang,1300033,253
Lang,1300034,282
Lang,1400146,1805
Lang,1400147,1687
Lang,1400149,1678
Lang,1400150,1641
Lang,1400151,1551
Lang,1400152,1631
Lang,1500030,31
Lang,1500031,31
Lang,1500111,31
Lang,1500112,33
Lang,1600053,332
Lang,1600054,318
Lang,1600055,330
Lang,1600056,324
Lang,1600057,310
Lang,1600058,320
Lang,1600059,322
Lang,1600060,315
Lang,1600061,329
Lang,1700011,105
Lang,1700021,1326
Lang,1700025,840
Lang,1800053,146
Lang,1800054,152
Lang,1800055,146
Lang,1800056,146
Lang,1800057,144
Lang,1800058,146
Lang,1800059,142
Lang,1800060,146
Lang,1900002,45
Lang,1900003,44
Lang,1900004,46
Lang,1900005,44
Lang,1900006,45
Lang,1900007,46
Lang,1900008,43
Lang,1900009,46
Lang,1900010,45
Lang,1900011,44
Lang,1900012,45
Lang,1900013,43
Lang,1900014,45
Lang,1900015,43
Lang,1900016,46
Lang,1900017,45
Lang,1900018,44
Lang,1900019,44
Lang,1900020,45
Lang,1900021,44
Lang,1900022,44
Lang,1900023,46
Lang,1900024,46
Lang,1900043,44
Lang,1900044,45
Lang,1900047,45
Lang,1900048,46
Lang,1900049,43
Lang,1900050,46
Lang,1900051,44
Lang,1900052,45
Lang,1900053,44
Lang,1900054,45
Lang,1900055,46
Lang,1900056,43
Lang,1900057,48
Lang,1900058,45
Lang,1900059,44
Lang,1900060,44
Lang,1900061,45
Lang,1900062,45
Lang,1900063,44
Lang,1900064,43
Lang,1900065,46
Lang,1900066,45
Lang,1900067,44
Lang,1900068,45
Lang,1900069,45
Lang,1900070,46
Lang,1900071,43
Lang,1900072,46
Lang,1900073,45
Lang,1900074,45
Lang,1900076,45
Lang,1900099,45
Lang,1900100,46
Lang,1900101,43
Lang,1900102,45
Lang,1900103,45
Lang,1900104,46
Lang,1900105,45
Lang,1900106,45
Lang,1900107,45
Lang,1900108,43
Lang,1900109,45
Lang,1900110,44
Lang,1900111,46
Lang,1900112,65
Lang,1900113,45
Lang,1900114,46
Lang,1900115,43
Lang,1900116,45
Lang,1900117,44
Lang,1900118,46
Lang,1900119,45
Lang,1900120,46
Lang,1900121,43
Lang,1900122,47
Lang,1900123,45
Lang,1900124,47
Lang,1900125,46
Lang,1900126,45
Lang,1900127,46
Lang,1900128,44
Lang,2001164,1160
Lang,2001165,1140
Lang,2001186,1175
Lang,2001187,1167
Lang,2100029,165
Lang,2100030,171
Lang,2100031,161
Lang,2100032,174
Lang,2100033,164
Lang,2100034,172
Lang,2100035,162
Lang,2100036,172
Lang,2100037,173
Lang,2100038,165
Lang,2100039,164
Lang,2100040,168
Lang,2100041,172
Lang,2100042,159
Lang,2100043,173
Lang,2100044,165
Lang,2100045,164
Lang,2100046,170
Lang,2100047,171
Lang,2100048,160
Lang,2100049,173
Lang,2100050,166
Lang,2200420,37
Lang,2200421,39
Lang,2200422,39
Lang,2200423,39
Lang,2200424,36
Lang,2200425,37
Lang,2200426,40
Lang,2200427,39
Lang,2200428,38
Lang,2200429,36
Lang,2200430,39
Lang,2300046,24
Lang,2300047,23
Lang,2300048,24
Lang,2300049,23
Lang,2300050,23
Lang,2300051,24
Lang,2300052,23
Lang,2300053,24
Lang,2300054,25
Lang,2300055,24
Lang,2300056,25
Lang,2300057,25
Lang,2300058,24
Lang,2300059,23
Lang,2400611,203
Lang,2400612,215
Lang,2400613,207
Lang,2400614,209
Lang,2400615,213
Lang,2600233,139
Lang,2700076,214
Lang,2700077,199
Lang,2700078,212
Lang,2700079,212
Lang,2700080,204
Lang,2700086,196
Lang,2700087,207
Lang,2800046,30
Lang,2800047,30
Lang,2800048,31
Lang,2800049,31
Lang,2800050,29
Lang,2800051,31
Lang,2800052,32
Lang,2800053,31
Lang,2800054,30
Lang,2800055,30
Lang,2800056,32
Lang,2800057,29
Lang,3000345,1506
Lang,3000347,1492
Lang,3000358,1484
Lang,3000359,1523
Lang,3000360,1447
Lang,3000361,1462
Lang,3000362,1527
Lang,3000363,1418
Lang,3000364,1404
Lang,3000365,1451
Lang,3000366,1491
Lang,3000367,1398
Lang,3000368,1444
Lang,3000369,1784
Lang,3000370,1519
Lang,3000371,1460
Lang,3000372,1494
Lang,3000373,1496
Lang,3000374,1524
Lang,3000375,1405
Lang,3000376,1491
Lang,3000377,1505
Lang,3000413,1419
Lang,3000414,1508
Lang,3000415,1498
Lang,3000416,1459
Lang,3000417,1453
Lang,3000418,1509
Lang,3000419,1487
Lang,3000420,1447
Lang,3000421,1377
Lang,3000422,1519
Lang,3000423,1538
Lang,3000424,1407
Lang,3000425,1526
Lang,3000426,1535
Lang,3000427,1389
Lang,3000440,1497
Lang,3000442,1468
Lang,3000453,1505
Lang,3000454,1451
Lang,3000455,1541
Lang,3000456,1407
Lang,3000457,1399
Lang,3000458,1452
Lang,3000459,1524
Lang,3000460,1464
Lang,3000461,1481
Lang,3000462,1495
Lang,3000463,1494
Lang,3000464,1423
Lang,3000465,1481
Lang,3000466,1467
Lang,3000467,1496
Lang,3000468,1515
Lang,3000469,1407
Lang,3000470,1533
Lang,3000471,1503
Lang,3000472,1528
Lang,3000473,1442
Lang,3000474,1496
Lang,3000488,1462
Lang,3000489,1436
Lang,3000490,1393
Lang,3000491,1458
Lang,3000492,1718
Lang,3000493,1409
Lang,3000494,1404
Lang,3000495,1436
Lang,3000496,1559
Lang,3000497,1427
Lang,3000498,1446
Lang,3000499,1531
Lang,3000500,1479
Lang,3000501,1541
Lang,3000502,1515
Lang,3000503,1492
Lang,3000504,1462
Lang,3000505,1472
Lang,3000506,1388
Lang,3000507,1484
Lang,3000509,1436
Lang,3000510,1532
Lang,3000511,1530
Lang,3000546,1510
Lang,3000547,1444
Lang,3000548,1478
Lang,3000549,1506
Lang,3000550,1453
Lang,3000552,1442
Lang,3000553,1516
Lang,3000554,1460
Lang,3000555,1491
Lang,3000556,1457
Lang,3000557,1393
Lang,3000568,1444
Lang,3000569,1520
Lang,3000570,1482
Lang,3000571,1438
Lang,3000572,1462
Lang,3000573,1476
Lang,3000574,1493
Lang,3000575,1512
Lang,3000576,1501
Lang,3000577,1508
Lang,3000578,1499
Lang,3000579,1616
Lang,3000580,1497
Lang,3000581,1438
Lang,3000582,1540
Lang,3000583,1493
Lang,3100368,1385
Lang,3100369,1435
Lang,3100379,1416
Lang,3100380,1484
Lang,3100381,1419
Lang,3100382,1382
Lang,3100383,1436
Lang,3100384,1573
Lang,3100385,1407
Lang,3100386,1502
Lang,3100387,1521
Lang,3100388,1652
Lang,3100389,1416
Lang,3100390,1399
Lang,3100391,1405
Lang,3100392,1426
Lang,3100393,1447
Lang,3100394,1453
Lang,3100395,1418
Lang,3100396,1339
Lang,3200001,83
Lang,3200003,87
Lang,3200004,90
Lang,3200005,95
Lang,3200006,81
Lang,3200007,85
Lang,3200056,85
Lang,3200057,92
Lang,3200059,89
Lang,3200060,81
Lang,3200061,90
Lang,3200062,87
Lang,3300331,452
Lang,3300332,505
Lang,3400007,549
Lang,3400009,504
Lang,3400010,560
Lang,3400011,537
Lang,3400012,536
Lang,3400013,540
Lang,3600084,197
Lang,3600085,214
Lang,3600086,203
Lang,3600087,203
Lang,3600088,198
Lang,3600573,211
Lang,3600574,206
Lang,3600575,216
Lang,3600576,224
Lang,3600577,203
Lang,3701757,1063
Lang,3701758,1117
Lang,3800238,97
Lang,3901264,953
Lang,3901265,988
Lang,3901266,940
Lang,4000260,919
Lang,4000261,988
Lang,4000262,929
Lang,4000263,910
Lang,4000264,949
Lang,4000265,886
Lang,4000266,965
Lang,4000267,947
Lang,4000268,938
Lang,4000269,1007
Lang,4000270,927
Lang,4000271,918
Lang,4100037,330
Lang,4100038,317
Lang,4100039,303
Lang,4100040,322
Lang,4100041,295
Lang,4100042,323
Lang,4100043,319
Lang,4100044,348
Lang,4100045,325
Lang,4100046,317
Lang,4100047,295
Lang,4100048,321
Lang,4100049,323
Lang,4100050,315
Lang,4100051,303
Lang,4100052,347
Lang,4100053,324
Lang,4100054,307
Lang,4100055,301
Lang,4100056,303
Lang,4100057,308
Lang,4100058,317
Lang,4100059,302
Lang,4100060,312
Lang,4100061,294
Lang,4100062,324
Lang,4100063,351
Lang,4100064,320
Lang,4100065,322
Lang,4100066,324
Lang,4100067,324
Lang,4100068,325
Lang,4100069,315
Lang,4100079,315
Lang,4100086,318
Lang,4100087,303
Lang,4100088,310
Lang,4100089,342
Lang,4100090,303
Lang,4100091,291
Lang,4100092,349
Lang,4100093,296
Lang,4100094,323
Lang,4100096,308
Lang,4100097,302
Lang,4100098,299
Lang,4100099,302
Lang,4100100,294
Lang,4100102,308
Lang,4100104,316
Lang,4100105,312
Lang,4100106,325
Lang,4100107,295
Lang,4100108,321
Lang,4100109,352
Lang,4100110,325
Lang,4100111,315
Lang,4100112,328
Lang,4100113,314
Lang,4100114,318
Lang,4100115,306
Lang,4100116,312
Lang,4100117,302
Lang,4100118,341
Lang,4200192,112
Lang,4200195,106
Lang,4200196,99
Lang,4200197,98
Lang,4200198,97
Lang,4200199,98
Lang,4200200,96
Lang,4200201,100
Lang,4200202,100
Lang,4200203,101
Lang,4200204,96
Lang,4200205,103
Lang,4200206,112
Lang,4200207,106
Lang,4200208,102
Lang,4200209,100
Lang,4200210,101
Lang,4200211,99
Lang,4200212,101
Lang,4300130,43
Lang,4400009,32
Lang,4400010,30
Lang,4400011,30
Lang,4400012,29
Lang,4400013,34
Lang,4400014,29
Lang,4400015,29
Lang,4400016,30
Lang,4400017,30
Lang,4400018,30
Lang,4500237,181
Lang,4500238,176
Lang,4500239,181
Lang,4600003,123
Lang,4600004,110
Lang,4600005,120
Lang,4600006,121
Lang,4600007,114
Lang,4600008,132
Lang,4600009,116
Lang,4600065,120
Lang,4600066,129
Lang,4700451,489
Lang,4700452,528
Lang,4700485,462
Lang,4700486,465
Lang,4800072,358
Lang,4800073,356
Lang,4800074,350
Lang,4900339,37
Lang,4900340,37
Lang,4900341,38
Lang,4900342,35
Lang,4900343,37
Lang,4900344,38
Lang,5000019,102
Lang,5000020,92
Lang,5000021,68
Lang,5000029,51
Lang,5000030,53
Lang,5000031,53
Lang,5100184,232
Lang,5200061,98
Lang,5200062,95
Lang,5200063,113
Lang,5400057,20
Lang,5400058,19
Lang,5400059,21
Lang,5400060,19
Lang,5400061,19
Lang,5400062,19
Lang,5400063,20
Lang,5400064,18
Lang,5400065,20
Lang,5500013,16
Lang,5500014,18
Lang,5600232,57
Lang,5700127,19
Lang,5800105,456
Lang,5800106,440
Lang,5800107,444
Lang,5800108,433
Lang,5800109,420
Lang,5800110,448
Lang,5800111,433
Lang,5800112,420
Lang,5800113,430
Lang,5800114,428
Lang,5800115,476
Lang,5800116,417
Lang,5900428,427
Lang,5900429,394
Lang,5900430,377
Lang,6000960,414
Lang,6000961,415
Lang,6101021,415
Lang,6101022,408
Lang,6101023,402
Lang,6101024,413
Lang,6101025,415
Lang,6101026,442
Lang,6101027,419
Lang,6101028,475
Lang,6101029,424
Lang,6101030,414
Lang,6200299,80
Lang,6200300,79
Lang,6200301,82
Lang,6200302,77
Lang,6200303,83
Lang,6200304,79
Lang,6200305,83
Lang,6200387,81
Lang,6200393,84
Lang,6200394,90
Lang,6200395,88
Lang,6200396,82
Lang,6200397,83
Lang,6200398,84
Lang,6200399,82
Lang,6200400,82
Lang,6200401,80
Lang,6200402,82
Lang,6400009,167
Lang,6400010,173
Lang,6400011,171
Lang,6500119,45
Lang,6500120,41
Lang,6500121,44
Lang,6500122,42
Lang,6500123,44
Lang,6500124,46
Lang,6500125,49
Lang,6500126,43
Lang,6500127,44
Lang,6500128,47
Lang,6500129,44
Lang,6500130,43
Lang,6500131,42
Lang,6500132,44
Lang,6500133,43
Lang,6500134,45
Lang,6500135,45
Lang,6500136,46
Lang,6500137,43
Lang,6500138,42
Lang,6500139,43
Lang,6500140,44
Lang,6500141,45
Lang,6500142,50
Lang,6500143,44
Lang,6500144,44
Lang,6500145,48
Lang,6500146,44
Lang,6500147,41
Lang,6500148,49
Lang,6500149,44
Lang,6500150,43
Lang,6500151,46
Lang,6500152,45
Lang,6500153,45
Lang,6500154,42
Lang,6500155,42
Lang,6500156,44
Lang,6500157,43
Lang,6500158,43
Lang,6500159,46
Lang,6500160,45
Lang,6500161,44
Lang,6500162,44
Lang,6500163,42
Lang,6500164,48
Lang,6500165,43
Lang,6500166,44
Lang,6500167,41
Lang,6500168,47
Lang,6500169,44
Lang,6500170,42
Lang,6500171,43
Lang,6500172,44
Lang,6500173,49
Lang,6500174,45
Lang,6500175,45
Lang,6500176,42
Lang,6500177,44
Lang,6500178,45
Lang,6500179,44
Lang,6500180,45
Lang,6500181,44
Lang,6500182,45
Lang,6500183,43
Lang,6500184,46
Lang,6500185,43
Lang,6500186,41
Lang,6500187,49
Lang,6500188,43
Lang,6500189,45
Lang,6500190,45
Lang,6500191,46
Lang,6500192,47
Lang,6500193,44
Lang,6500194,43
Lang,6500195,44
Lang,6500294,45
Lang,6500295,45
Lang,6500296,41
Lang,6500297,44
Math,1,932
Math,2,46
Math,3,2565
Math,4,152
Math,5,272
Math,6,1028
Math,7,669
Math,8,44
Math,9,86
Math,10,829
Math,11,50
Math,12,1975
Math,13,430
Math,14,365
Math,15,7384
Math,16,8690
Math,17,50
Math,18,146
Math,19,98
Math,20,136
Math,21,86
Math,22,257
Math,23,46
Math,24,57
Math,25,14
Math,26,131
Math,27,481
Math,28,24
Math,29,242
Math,30,15
Math,31,211
Math,32,75
Math,33,145
Math,34,33
Math,35,22
Math,36,159
Math,37,608
Math,38,97
Math,39,213
Math,40,199
Math,41,536
Math,42,120
Math,43,220
Math,44,539
Math,45,1224
Math,46,120
Math,47,575
Math,48,128
Math,49,106
Math,50,150
Math,51,122
Math,52,107
Math,53,263
Math,54,233
Math,55,172
Math,56,21
Math,57,19
Math,58,38
Math,59,4496
Math,60,124
Math,61,63
Math,62,15
Math,63,2388
Math,64,78
Math,65,195
Math,66,27
Math,67,11
Math,68,57
Math,69,57
Math,70,20
Math,71,259
Math,72,220
Math,73,234
Math,74,186
Math,75,12
Math,76,69
Math,77,1119
Math,78,155
Math,79,792
Math,80,139
Math,81,131
Math,82,40
Math,83,49
Math,84,11
Math,85,104
Math,86,30
Math,87,14
Math,88,40
Math,89,11
Math,90,11
Math,91,66
Math,92,603
Math,93,813
Math,94,810
Math,95,31
Math,96,144
Math,97,136
Math,98,154
Math,99,530
Math,100,76
Math,101,67
Math,102,52
Math,103,30
Math,104,49
Math,105,8
Math,106,10
Math,100167,1126
Math,100168,1129
Math,100169,1057
Math,100170,1056
Math,100171,1059
Math,100172,1162
Math,100422,1048
Math,100423,1106
Math,100424,1059
Math,100425,1048
Math,100426,1185
Math,100427,1112
Math,100428,1059
Math,100429,1050
Math,200125,67
Math,200126,61
Math,200127,64
Math,200128,62
Math,200129,62
Math,200130,59
Math,200131,63
Math,200132,59
Math,300277,3577
Math,300278,3802
Math,300279,3668
Math,300280,4033
Math,300281,3796
Math,300282,3798
Math,300283,3558
Math,300284,3532
Math,300285,3958
Math,300286,3724
Math,300287,3578
Math,300288,3709
Math,400010,202
Math,400036,202
Math,500221,416
Math,600002,1079
Math,600043,1396
Math,600044,1353
Math,600049,1239
Math,600050,1305
Math,600107,1397
Math,600108,1278
Math,600109,1348
Math,600110,1194
Math,600111,1275
Math,600112,1303
Math,600113,1282
Math,600114,1362
Math,600115,1191
Math,600116,1274
Math,600117,1284
Math,600118,1311
Math,600119,1196
Math,600207,1265
Math,601074,1256
Math,601212,1277
Math,601213,1290
Math,601214,1173
Math,601231,1266
Math,601252,1403
Math,601253,1285
Math,601348,1177
Math,700071,675
Math,700072,653
Math,700073,743
Math,700074,665
Math,700083,652
Math,700084,667
Math,700085,662
Math,700086,653
Math,700087,655
Math,700088,653
Math,800046,56
Math,900022,116
Math,900023,117
Math,1001830,1071
Math,1100036,58
Math,1100037,58
Math,1100038,58
Math,1100039,57
Math,1100040,58
Math,1100041,57
Math,1100042,57
Math,1100043,57
Math,1100044,57
Math,1100045,58
Math,1100046,56
Math,1100047,59
Math,1100048,57
Math,1100049,57
Math,1100050,59
Math,1100051,58
Math,1100052,56
Math,1100053,58
Math,1100054,56
Math,1100055,56
Math,1100056,58
Math,1100057,56
Math,1100058,56
Math,1100059,57
Math,1300074,415
Math,1300075,410
Math,1300076,458
Math,1300077,411
Math,1300078,402
Math,1300079,444
Math,1300080,413
Math,1400001,383
Math,1400043,400
Math,1400044,437
Math,1400045,435
Math,1400046,437
Math,1400047,425
Math,1400048,418
Math,1400049,436
Math,1503755,10159
Math,1503756,10049
Math,1503757,9800
Math,1503758,9934
Math,1503759,9930
Math,1503760,10396
Math,1503761,10294
Math,1503762,10128
Math,1600399,10295
Math,1600400,10452
Math,1600401,10220
Math,1600402,10314
Math,1600403,10474
Math,1600404,10219
Math,1600405,9779
Math,1600406,11425
Math,1600407,9885
Math,1600408,9798
Math,1600409,10222
Math,1600410,10711
Math,1600411,10101
Math,1600412,10073
Math,1600413,9599
Math,1600414,10376
Math,1600415,10129
Math,1600422,10716
Math,1600423,9881
Math,1600424,10158
Math,1600425,9979
Math,1600426,10129
Math,1600427,9876
Math,1600428,10595
Math,1600429,9764
Math,1600430,9873
Math,1600431,10460
Math,1600432,9080
Math,1600433,9869
Math,1600434,10440
Math,1600435,9845
Math,1600436,10148
Math,1600437,9409
Math,1600438,11639
Math,1600439,10198
Math,1600440,10244
Math,1600441,10997
Math,1600442,10128
Math,1600443,11436
Math,1600611,10013
Math,1600612,9865
Math,1600613,9774
Math,1600614,10629
Math,1600615,10374
Math,1600616,9973
Math,1600617,9973
Math,1600618,10113
Math,1600619,9860
Math,1600620,10284
Math,1600621,10009
Math,1600622,10715
Math,1600623,10191
Math,1600624,9956
Math,1600625,10008
Math,1600626,9957
Math,1600627,9934
Math,1600634,9947
Math,1600635,10205
Math,1600636,10053
Math,1600637,10137
Math,1600638,10041
Math,1600639,9718
Math,1600640,10680
Math,1600641,11711
Math,1600642,19644
Math,1600643,9973
Math,1600644,10333
Math,1600645,10851
Math,1600646,10319
Math,1600647,10644
Math,1600648,9891
Math,1600649,10178
Math,1600650,9897
Math,1600651,10464
Math,1600652,10672
Math,1600653,10113
Math,1600654,11415
Math,1600655,10507
Math,1600656,11188
Math,1701597,298
Math,1701598,304
Math,1701599,312
Math,1701600,311
Math,1701601,351
Math,1701602,301
Math,1800936,179
Math,1800937,179
Math,1800938,179
Math,1800939,185
Math,1800940,174
Math,1800959,184
Math,1800960,182
Math,1800961,189
Math,1800962,193
Math,1800963,180
Math,1900169,137
Math,1900170,130
Math,1900171,125
Math,1900172,136
Math,1900173,130
Math,1900174,127
Math,1900175,135
Math,1900176,130
Math,1900177,128
Math,1900178,135
Math,1900179,130
Math,1900180,128
Math,1900181,129
Math,1900182,136
Math,2000763,177
Math,2100004,110
Math,2100011,117
Math,2100017,113
Math,2100018,112
Math,2100019,113
Math,2100020,118
Math,2100021,114
Math,2100022,113
Math,2100023,113
Math,2100024,121
Math,2100025,108
Math,2100026,112
Math,2100027,121
Math,2100044,112
Math,2100045,113
Math,2100046,115
Math,2100047,109
Math,2100048,110
Math,2100049,105
Math,2100060,112
Math,2100061,110
Math,2100062,121
Math,2100063,108
Math,2100064,121
Math,2100065,108
Math,2100066,121
Math,2100067,111
Math,2100068,123
Math,2200196,326
Math,2200269,334
Math,2300287,59
Math,2300291,65
Math,2300328,60
Math,2400288,61
Math,2400326,53
Math,2500206,19
Math,2500207,18
Math,2500208,22
Math,2500209,18
Math,2600031,838
Math,2600032,754
Math,2600080,863
Math,2600081,724
Math,2600082,803
Math,2600083,761
Math,2600084,740
Math,2600085,785
Math,2700307,599
Math,2700308,684
Math,2700309,645
Math,2700310,669
Math,2700311,625
Math,2700312,599
Math,2800057,154
Math,2800058,141
Math,2800059,146
Math,2800060,146
Math,2800061,141
Math,2900095,274
Math,2900096,296
Math,2900097,308
Math,2900098,285
Math,2900099,290
Math,2900100,298
Math,2900101,281
Math,2900102,277
Math,2900103,266
Math,2900114,305
Math,2900115,285
Math,2900116,318
Math,2900117,266
Math,2900118,299
Math,2900119,280
Math,2900120,281
Math,2900121,276
Math,2900122,265
Math,2900123,308
Math,2900124,281
Math,2900125,289
Math,2900126,317
Math,3000063,18
Math,3000064,22
Math,3000065,18
Math,3000066,17
Math,3100011,1468
Math,3100015,1349
Math,3100016,5197
Math,3100017,5284
Math,3100018,9415
Math,3100019,1445
Math,3100020,4931
Math,3100021,19138
Math,3100022,17666
Math,3100023,1490
Math,3100024,1388
Math,3100025,1348
Math,3100026,1885
Math,3100027,2237
Math,3100028,1332
Math,3100029,4244
Math,3100030,10752
Math,3100031,12724
Math,3100032,1565
Math,3100033,2199
Math,3100034,6820
Math,3100036,12657
Math,3100037,16217
Math,3100038,29076
Math,3100039,16169
Math,3100040,16742
Math,3100041,1965
Math,3100042,12786
Math,3100043,16812
Math,3100044,29661
Math,3100045,1361
Math,3100046,13977
Math,3100047,17976
Math,3100048,1339
Math,3100049,1341
Math,3100050,1336
Math,3100051,1325
Math,3100052,1225
Math,3100064,20454
Math,3100065,1691
Math,3100066,1325
Math,3200007,97
Math,3200008,97
Math,3300234,150
Math,3300235,157
Math,3300236,152
Math,3300237,151
Math,3300238,156
Math,3300239,150
Math,3300240,151
Math,3400035,41
Math,3500001,25
Math,3500002,24
Math,3600237,206
Math,3600238,205
Math,3600239,204
Math,3600240,204
Math,3600241,214
Math,3600242,210
Math,3600243,206
Math,3600244,205
Math,3600245,205
Math,3600261,204
Math,3600262,216
Math,3600263,212
Math,3600264,207
Math,3600265,207
Math,3600266,206
Math,3600267,204
Math,3600268,231
Math,3600269,210
Math,3600270,215
Math,3700491,786
Math,3700492,775
Math,3700494,774
Math,3700495,893
Math,3700496,799
Math,3700497,831
Math,3700498,785
Math,3700499,780
Math,3700500,774
Math,3700501,806
Math,3700502,852
Math,3700503,826
Math,3700504,793
Math,3700505,785
Math,3700506,779
Math,3700507,837
Math,3700508,773
Math,3700509,790
Math,3700510,774
Math,3700535,823
Math,3700536,858
Math,3700538,822
Math,3700539,780
Math,3700540,774
Math,3700541,769
Math,3700542,838
Math,3700543,785
Math,3700544,772
Math,3700545,810
Math,3700546,849
Math,3700547,814
Math,3700548,781
Math,3700549,777
Math,3700550,766
Math,3700551,844
Math,3700552,862
Math,3700553,785
Math,3700554,767
Math,3801268,122
Math,3801269,120
Math,3801270,116
Math,3801271,120
Math,3801272,132
Math,3801273,122
Math,3801274,123
Math,3801275,116
Math,3801276,128
Math,3801277,130
Math,3801278,120
Math,3801279,126
Math,3900116,273
Math,3900117,285
Math,3900118,274
Math,3900120,272
Math,3900122,267
Math,3900126,269
Math,3900131,1284
Math,4000172,252
Math,4000173,319
Math,4000174,263
Math,4000175,277
Math,4000176,281
Math,4000177,247
Math,4000178,261
Math,4000179,257
Math,4000180,253
Math,4000181,295
Math,4000182,265
Math,4000183,275
Math,4000184,249
Math,4000185,281
Math,4000186,262
Math,4000187,257
Math,4000188,252
Math,4000189,264
Math,4000190,292
Math,4000191,247
Math,4000192,275
Math,4000193,281
Math,4000194,260
Math,4000195,257
Math,4000196,252
Math,4000197,263
Math,4000198,249
Math,4000199,293
Math,4000200,277
Math,4000201,282
Math,4000202,260
Math,4000203,256
Math,4000204,252
Math,4000205,265
Math,4000206,247
Math,4000207,293
Math,4000208,274
Math,4000209,260
Math,4000212,256
Math,4000213,252
Math,4000214,281
Math,4000215,274
Math,4000216,265
Math,4000217,247
Math,4000218,293
Math,4000219,276
Math,4000220,257
Math,4000221,261
Math,4000222,251
Math,4000223,281
Math,4000224,273
Math,4000225,246
Math,4000226,264
Math,4000227,251
Math,4000228,275
Math,4000229,258
Math,4000230,293
Math,4000231,258
Math,4000232,268
Math,4000233,282
Math,4000234,261
Math,4000235,274
Math,4000236,247
Math,4000237,265
Math,4000238,251
Math,4000239,256
Math,4000240,260
Math,4000241,253
Math,4000242,275
Math,4000243,268
Math,4000244,293
Math,4100154,632
Math,4100155,678
Math,4100156,586
Math,4100157,655
Math,4100158,628
Math,4100159,597
Math,4200331,148
Math,4200332,148
Math,4200333,142
Math,4200334,156
Math,4200335,153
Math,4200336,165
Math,4200337,150
Math,4200338,147
Math,4200339,148
Math,4200340,142
Math,4200341,154
Math,4200342,153
Math,4300030,281
Math,4400087,771
Math,4500001,1288
Math,4500002,1290
Math,4500003,1264
Math,4500004,1300
Math,4500005,1238
Math,4500006,1352
Math,4500007,1327
Math,4600107,661
Math,4600195,660
Math,4700028,638
Math,4700029,612
Math,4700030,620
Math,4700031,700
Math,4700032,676
Math,4700033,639
Math,4700034,664
Math,4700035,610
Math,4700036,621
Math,4700037,651
Math,4700038,619
Math,4700039,601
Math,4700040,622
Math,4700112,628
Math,4700113,634
Math,4700114,643
Math,4700199,662
Math,4800074,190
Math,4800075,171
Math,4800076,166
Math,4900091,153
Math,4900100,149
Math,4900103,135
Math,4900112,152
Math,5000073,165
Math,5100074,167
Math,5100075,184
Math,5100076,169
Math,5100077,176
Math,5100078,177
Math,5100079,176
Math,5100080,164
Math,5100081,160
Math,5100082,164
Math,5100083,169
Math,5100084,174
Math,5100085,166
Math,5100086,176
Math,5100087,179
Math,5100088,183
Math,5100089,170
Math,5100090,166
Math,5100091,169
Math,5100092,172
Math,5200589,136
Math,5200590,133
Math,5200591,143
Math,5200592,137
Math,5200593,138
Math,5200594,149
Math,5200595,152
Math,5200601,158
Math,5200602,144
Math,5200603,145
Math,5200604,143
Math,5200605,134
Math,5200608,136
Math,5200609,148
Math,5200610,144
Math,5300075,338
Math,5300076,341
Math,5300077,346
Math,5400083,331
Math,5400084,304
Math,5400085,322
Math,5400086,326
Math,5400087,295
Math,5400088,299
Math,5400089,300
Math,5400090,315
Math,5400091,308
Math,5402478,319
Math,5402479,344
Math,5402480,303
Math,5402481,321
Math,5402482,301
Math,5402483,377
Math,5402484,313
Math,5402485,328
Math,5402486,310
Math,5402487,323
Math,5402488,329
Math,5402489,292
Math,5402490,295
Math,5402491,309
Math,5402492,312
Math,5402493,312
Math,5500491,250
Math,5500492,254
Math,5500493,261
Math,5500494,246
Math,5500495,247
Math,5500496,230
Math,5500497,234
Math,5500498,253
Math,5500499,243
Math,5500500,252
Math,5500501,257
Math,5500502,234
Math,5500503,261
Math,5500504,236
Math,5500505,237
Math,5500506,239
Math,5500507,249
Math,5500508,230
Math,5500509,249
Math,5500510,234
Math,5500511,244
Math,5500512,252
Math,5500513,252
Math,5500514,257
Math,5500515,232
Math,5500516,235
Math,5500517,235
Math,5500518,273
Math,5500519,239
Math,5500520,230
Math,5500521,247
Math,5500522,233
Math,5500523,249
Math,5500524,244
Math,5500525,251
Math,5500526,233
Math,5500527,235
Math,5500528,251
Math,5500529,257
Math,5500530,236
Math,5500531,230
Math,5500532,238
Math,5500533,234
Math,5500534,271
Math,5500535,246
Math,5500536,248
Math,5500537,242
Math,5500538,250
Math,5500539,233
Math,5500540,236
Math,5500541,236
Math,5500542,229
Math,5500543,250
Math,5500544,237
Math,5500545,257
Math,5500546,234
Math,5500547,246
Math,5500548,249
Math,5500549,265
Math,5500550,242
Math,5500551,253
Math,5500552,233
Math,5500553,235
Math,5500554,235
Math,5500555,227
Math,5500556,239
Math,5500557,234
Math,5500558,246
Math,5500559,256
Math,5500560,247
Math,5500561,248
Math,5500562,239
Math,5500563,264
Math,5500564,252
Math,5500565,233
Math,5500566,243
Math,5500567,228
Math,5500568,234
Math,5500569,235
Math,5500570,239
Math,5500571,234
Math,5500572,244
Math,5500573,257
Math,5500574,246
Math,5500575,238
Math,5500576,247
Math,5500577,240
Math,5500578,283
Math,5500579,253
Math,5500580,233
Math,5500581,228
Math,5500582,235
Math,5500583,236
Math,5500584,243
Math,5500585,238
Math,5500586,234
Math,5500587,247
Math,5500588,246
Math,5500589,257
Math,5500590,238
Math,5500591,240
Math,5500592,246
Math,5500593,254
Math,5500594,264
Math,5500595,233
Math,5500596,229
Math,5500597,243
Math,5500598,235
Math,5500599,243
Math,5500600,239
Math,5500601,234
Math,5500602,246
Math,5500603,246
Math,5500604,238
Math,5500605,256
Math,5500606,239
Math,5500607,245
Math,5500608,255
Math,5500609,234
Math,5500610,228
Math,5500611,264
Math,5500612,236
Math,5600100,27
Math,5600101,29
Math,5600102,27
Math,5600103,27
Math,5600104,28
Math,5700033,22
Math,5800008,31
Math,5908273,6320
Math,5908274,6201
Math,5908275,6011
Math,5908276,6032
Math,6000047,106
Math,6000048,213
Math,6000049,106
Math,6000050,114
Math,6000051,111
Math,6000052,119
Math,6000053,220
Math,6000054,114
Math,6000055,111
Math,6000056,114
Math,6000057,107
Math,6000058,106
Math,6000059,118
Math,6000060,108
Math,6200006,15
Math,6200007,16
Math,6200008,18
Math,6200009,16
Math,6200010,15
Math,6200011,16
Math,6200016,16
Math,6200017,15
Math,6200018,16
Math,6200019,16
Math,6200020,15
Math,6200021,17
Math,6200022,16
Math,6200023,15
Math,6200024,15
Math,6200025,15
Math,6200026,17
Math,6200027,17
Math,6200028,15
Math,6300331,3041
Math,6400026,96
Math,6400033,100
Math,6400034,95
Math,6400035,99
Math,6400036,96
Math,6400041,108
Math,6400098,104
Math,6400099,102
Math,6400100,98
Math,6400101,96
Math,6400102,100
Math,6400128,97
Math,6400348,108
Math,6400349,105
Math,6400350,97
Math,6400351,99
Math,6400352,99
Math,6400353,100
Math,6500049,247
Math,6500050,249
Math,6500051,283
Math,6500052,240
Math,6500059,230
Math,6500060,233
Math,6500061,247
Math,6500062,239
Math,6500063,264
Math,6500064,257
Math,6500065,242
Math,6500066,238
Math,6500067,234
Math,6600014,32
Math,6600015,44
Math,6600016,32
Math,6600020,42
Math,6600021,33
Math,6600022,31
Math,6600023,31
Math,6600024,33
Math,6600025,32
Math,6600026,32
Math,6600037,32
Math,6600038,32
Math,6600039,33
Math,6600282,34
Math,6600283,34
Math,6600284,32
Math,6600332,31
Math,6600334,41
Math,6700006,9
Math,6700007,10
Math,6700008,10
Math,6800003,76
Math,6800031,77
Math,6800033,78
Math,6800107,76
Math,6800153,77
Math,6800356,74
Math,6800357,86
Math,6800358,76
Math,6800359,84
Math,6800386,76
Math,6900083,74
Math,6900084,73
Math,6900085,68
Math,6900086,78
Math,6900087,90
Math,6900088,71
Math,6900089,70
Math,6900090,69
Math,7000010,27
Math,7100140,275
Math,7100141,283
Math,7100142,269
Math,7100143,294
Math,7100144,273
Math,7100145,284
Math,7100146,287
Math,7100147,308
Math,7100388,292
Math,7100389,302
Math,7100390,283
Math,7100391,334
Math,7100392,281
Math,7100393,282
Math,7100394,276
Math,7100395,275
Math,7300028,324
Math,7300029,306
Math,7300030,312
Math,7400079,208
Math,7400082,215
Math,7400083,209
Math,7400085,242
Math,7400086,265
Math,7400091,253
Math,7400094,234
Math,7400095,228
Math,7400097,231
Math,7400098,237
Math,7500045,17
Math,7600085,99
Math,7600086,112
Math,7600087,83
Math,7600088,84
Math,7600089,86
Math,7600090,81
Math,7600091,98
Math,7600092,87
Math,7600093,85
Math,7600094,80
Math,7600095,81
Math,7600096,91
Math,7600097,80
Math,7600098,84
Math,7600099,83
Math,7600100,105
Math,7600105,85
Math,7600106,110
Math,7600107,84
Math,7600111,84
Math,7600112,81
Math,7600113,86
Math,7600114,97
Math,7600115,86
Math,7600116,86
Math,7600117,79
Math,7600118,80
Math,7600150,80
Math,7600151,85
Math,7600152,92
Math,7600153,82
Math,7600154,84
Math,7600155,107
Math,7600156,84
Math,7600157,84
Math,7600158,81
Math,7600209,85
Math,7600210,108
Math,7600211,79
Math,7600212,86
Math,7600213,85
Math,7600214,80
Math,7600215,100
Math,7600216,80
Math,7600217,84
Math,7600218,82
Math,7600219,84
Math,7600220,92
Math,7600221,85
Math,7600222,83
Math,7600223,81
Math,7600224,86
Math,7600229,95
Math,7600230,79
Math,7600231,87
Math,7600235,110
Math,7600236,81
Math,7600237,85
Math,7600238,80
Math,7600239,84
Math,7600240,100
Math,7600241,83
Math,7600242,86
Math,7600274,92
Math,7600275,80
Math,7600276,83
Math,7600277,86
Math,7600278,87
Math,7600279,80
Math,7600280,94
Math,7600281,80
Math,7600282,86
Math,7700376,1442
Math,7800050,190
Math,7800051,198
Math,7800052,250
Math,7800053,196
Math,7800054,268
Math,7800055,210
Math,7800056,191
Math,7800057,196
Math,7800058,200
Math,7800059,187
Math,7800060,207
Math,7800061,191
Math,7800062,203
Math,7800063,219
Math,7800064,255
Math,7800065,191
Math,7901226,1215
Math,7901227,1210
Math,7901231,1168
Math,7901232,1211
Math,7901233,1284
Math,7901234,1223
Math,8001607,162
Math,8001608,225
Math,8001609,161
Math,8001610,177
Math,8001611,206
Math,8001612,177
Math,8001613,192
Math,8100910,161
Math,8100911,190
Math,8100912,156
Math,8100913,158
Math,8100914,173
Math,8100915,165
Math,8100917,217
Math,8100918,200
Math,8100919,202
Math,8100920,161
Math,8100921,157
Math,8100922,188
Math,8100923,158
Math,8100924,161
Math,8100925,164
Math,8100926,166
Math,8100927,197
Math,8100928,160
Math,8100929,221
Math,8100930,188
Math,8100931,173
Math,8102754,157
Math,8102755,160
Math,8102756,159
Math,8102757,188
Math,8102758,163
Math,8200030,51
Math,8200031,50
Math,8200032,64
Math,8200033,51
Math,8200034,49
Math,8200035,54
Math,8200036,54
Math,8300193,72
Math,8300194,59
Math,8300272,59
Math,8300280,59
Math,8300281,60
Math,8300282,58
Math,8300283,61
Math,8400005,18
Math,8400024,13
Math,8400025,17
Math,8400026,14
Math,8400027,12
Math,8500056,137
Math,8500057,136
Math,8500058,203
Math,8500059,145
Math,8600033,43
Math,8600034,47
Math,8700193,57
Math,8700194,54
Math,8700195,62
Math,8700196,57
Math,8700197,55
Math,8700198,58
Math,8700200,55
Math,8700201,66
Math,8700202,55
Math,8700203,73
Math,8800270,53
Math,8800279,53
Math,8800280,53
Math,8800281,52
Math,8800282,54
Math,8800283,59
Math,9000010,13
Math,9100149,96
Math,9100150,96
Math,9100151,94
Math,9100152,99
Math,9100153,100
Math,9100154,94
Math,9100155,96
Math,9100156,93
Math,9200058,692
Math,9200059,747
Math,9200060,693
Math,9200061,905
Math,9200062,688
Math,9200063,669
Math,9200064,954
Math,9200065,894
Math,9200066,713
Math,9200067,797
Math,9200068,704
Math,9200069,673
Math,9200070,706
Math,9200071,730
Math,9200072,667
Math,9200073,677
Math,9200074,684
Math,9200075,675
Math,9200076,693
Math,9200077,675
Math,9200078,690
Math,9200079,712
Math,9200080,744
Math,9200081,681
Math,9200082,691
Math,9200083,2617
Math,9200084,666
Math,9200085,675
Math,9200086,786
Math,9200087,682
Math,9200088,729
Math,9200089,901
Math,9200090,877
Math,9200091,653
Math,9200092,683
Math,9200093,981
Math,9200094,675
Math,9200095,695
Math,9200096,702
Math,9200097,701
Math,9200098,683
Math,9200099,716
Math,9200100,663
Math,9200101,695
Math,9200102,681
Math,9200103,749
Math,9200104,688
Math,9200105,655
Math,9200106,796
Math,9200107,686
Math,9200108,2519
Math,9200109,923
Math,9200110,994
Math,9200111,679
Math,9200112,699
Math,9200113,699
Math,9200114,700
Math,9200115,687
Math,9200116,661
Math,9200117,732
Math,9200118,716
Math,9200119,697
Math,9200120,681
Math,9200121,691
Math,9200122,672
Math,9200123,750
Math,9200124,687
Math,9200125,817
Math,9200126,916
Math,9200127,681
Math,9200128,689
Math,9200129,1028
Math,9200130,670
Math,9200131,751
Math,9200132,686
Math,9200133,746
Math,9200134,804
Math,9200135,704
Math,9200136,735
Math,9200137,669
Math,9200138,693
Math,9200139,715
Math,9200140,676
Math,9200141,689
Math,9200142,675
Math,9200143,873
Math,9200144,687
Math,9200145,710
Math,9200146,707
Math,9200147,753
Math,9200148,994
Math,9200149,740
Math,9200150,693
Math,9200151,666
Math,9200152,807
Math,9200153,731
Math,9200154,678
Math,9200155,710
Math,9200157,692
Math,9200158,705
Math,9200159,711
Math,9200160,757
Math,9200161,752
Math,9200162,888
Math,9200163,664
Math,9200164,749
Math,9200165,694
Math,9200166,690
Math,9200167,736
Math,9200168,730
Math,9200169,696
Math,9200170,779
Math,9200171,706
Math,9200172,997
Math,9200173,729
Math,9200174,914
Math,9200175,715
Math,9200176,752
Math,9200177,664
Math,9200178,709
Math,9200179,732
Math,9200180,735
Math,9200181,718
Math,9200182,977
Math,9200183,927
Math,9200184,661
Math,9200185,726
Math,9200186,752
Math,9200187,858
Math,9200188,731
Math,9200189,704
Math,9200190,739
Math,9200191,757
Math,9200192,998
Math,9200193,692
Math,9200194,649
Math,9200195,684
Math,9200196,874
Math,9200197,660
Math,9200198,901
Math,9200199,660
Math,9200200,687
Math,9200201,705
Math,9200202,758
Math,9200203,701
Math,9200204,697
Math,9200205,706
Math,9200206,652
Math,9200222,734
Math,9200223,687
Math,9200224,710
Math,9200225,642
Math,9300184,690
Math,9300185,706
Math,9300186,684
Math,9300187,677
Math,9300188,684
Math,9300189,679
Math,9300190,661
Math,9300191,659
Math,9300192,663
Math,9300193,667
Math,9300198,703
Math,9300199,674
Math,9300200,702
Math,9300201,661
Math,9300202,662
Math,9300207,668
Math,9300208,674
Math,9400170,697
Math,9400171,701
Math,9400175,693
Math,9400176,636
Math,9400178,661
Math,9400181,645
Math,9500054,44
Math,9500055,41
Math,9500056,37
Math,9500057,39
Math,9500058,39
Math,9600182,250
Math,9600183,212
Math,9600184,229
Math,9600185,220
Math,9600186,220
Math,9600187,199
Math,9600188,209
Math,9600189,212
Math,9700039,170
Math,9700040,219
Math,9700041,198
Math,9700042,188
Math,9700043,180
Math,9700044,181
Math,9700045,163
Math,9700046,171
Math,9800400,222
Math,9801092,207
Math,9900424,739
Math,9900425,751
Math,9900426,804
Math,9900427,770
Math,9900428,771
Math,9900429,834
Math,9900430,855
Math,9900606,704
Math,9900607,728
Math,10000082,74
Math,10000114,76
Math,10000117,74
Math,10100071,88
Math,10100072,86
Math,10100073,88
Math,10100074,87
Math,10100078,88
Math,10100079,88
Math,10100080,93
Math,10200016,69
Math,10200017,62
Math,10200018,71
Math,10200019,66
Math,10200020,75
Math,10200021,76
Math,10200022,69
Math,10200023,63
Math,10200024,65
Math,10200025,69
Math,10200026,71
Math,10200027,65
Math,10200028,63
Math,10200029,64
Math,10200030,69
Math,10200031,73
Math,10200032,79
Math,10200038,73
Math,10200039,70
Math,10200040,68
Math,10200041,71
Math,10200042,65
Math,10200043,63
Math,10200044,65
Math,10200045,69
Math,10200046,88
Math,10200047,69
Math,10200048,71
Math,10200049,69
Math,10200050,69
Math,10200051,72
Math,10200052,68
Math,10200053,72
Math,10200054,65
Math,10200055,69
Math,10200056,65
Math,10200057,71
Math,10200058,68
Math,10200059,73
Math,10200060,63
Math,10300039,32
Math,10300040,33
Math,10300041,31
Math,10300042,32
Math,10300043,37
Math,10300044,33
Math,10500150,17
Math,10500151,18
Math,10500152,15
Math,10500153,16
Math,10500154,15
Math,10500155,16
Math,10500156,16
Math,10500157,16
Math,10500158,15
Math,10500159,16
Math,10500160,16
Math,10500161,16
Math,10500162,16
Math,10500163,16
Math,10600034,26
Math,10600035,26
Math,10600036,26
Math,10600040,26
Math,10600041,27
Math,10600042,25
Mockito,1,4822
Mockito,2,85
Mockito,3,4359
Mockito,4,3948
Mockito,5,103
Mockito,6,3522
Mockito,7,125
Mockito,8,25
Mockito,9,3417
Mockito,10,3891
Mockito,11,2085
Mockito,12,65
Mockito,13,503
Mockito,14,1826
Mockito,15,61
Mockito,16,1701
Mockito,17,1436
Mockito,18,3908
Mockito,19,4805
Mockito,20,6713
Mockito,21,43
Mockito,22,1905
Mockito,23,3022
Mockito,24,3978
Mockito,25,3363
Mockito,26,2489
Mockito,27,2537
Mockito,28,77
Mockito,29,139
Mockito,30,1904
Mockito,31,1538
Mockito,32,2205
Mockito,33,1751
Mockito,34,1808
Mockito,35,520
Mockito,36,2808
Mockito,37,278
Mockito,38,243
Mockito,100063,4824
Mockito,100064,5890
Mockito,100065,5178
Mockito,100066,5481
Mockito,100067,5781
Mockito,100068,5029
Mockito,100069,5652
Mockito,100070,5922
Mockito,200001,111
Mockito,200009,117
Mockito,200010,113
Mockito,200011,122
Mockito,200012,97
Mockito,200013,108
Mockito,200014,109
Mockito,300066,5746
Mockito,300067,5968
Mockito,300068,5533
Mockito,300069,4927
Mockito,300070,5468
Mockito,300076,10898
Mockito,300077,5831
Mockito,300078,5560
Mockito,300079,5872
Mockito,300080,5560
Mockito,400016,5105
Mockito,600002,4557
Mockito,600003,4976
Mockito,600004,4620
Mockito,600005,4573
Mockito,600006,4511
Mockito,600007,4868
Mockito,600008,4978
Mockito,600009,5063
Mockito,600010,9044
Mockito,600012,4400
Mockito,600013,4920
Mockito,600014,5025
Mockito,600015,4610
Mockito,600016,4564
Mockito,600017,4937
Mockito,600018,5098
Mockito,600019,4704
Mockito,600020,4638
Mockito,600021,5044
Mockito,600022,4993
Mockito,700072,179
Mockito,800012,83
Mockito,900001,5047
Mockito,900002,4520
Mockito,1000012,4431
Mockito,1000013,4497
Mockito,1000014,3975
Mockito,1000016,4054
Mockito,1000017,4187
Mockito,1100013,3135
Mockito,1100014,2805
Mockito,1100015,2831
Mockito,1200007,67
Mockito,1300012,2487
Mockito,1300015,2493
Mockito,1400020,2458
Mockito,1400089,2367
Mockito,1400090,2390
Mockito,1400091,2574
Mockito,1500006,82
Mockito,1500007,83
Mockito,1600009,2154
Mockito,1600039,2056
Mockito,1600040,2069
Mockito,1700009,1851
Mockito,1700010,1918
Mockito,1700011,1870
Mockito,1700042,2150
Mockito,1700043,1865
Mockito,1700044,2094
Mockito,1700072,1987
Mockito,1800024,5019
Mockito,1800025,4884
Mockito,1900021,5579
Mockito,1900046,6000
Mockito,1900048,6381
Mockito,1900049,6050
Mockito,1900050,5550
Mockito,1900051,6007
Mockito,1900052,5773
Mockito,1900053,6880
Mockito,1900054,5904
Mockito,1900055,6474
Mockito,1900056,6216
Mockito,2100004,57
Mockito,2100005,54
Mockito,2100006,52
Mockito,2100007,55
Mockito,2100008,54
Mockito,2100009,54
Mockito,2100010,93
Mockito,2100011,54
Mockito,2100012,54
Mockito,2200001,1744
Mockito,2200002,2994
Mockito,2200003,1751
Mockito,2200004,1680
Mockito,2200005,1747
Mockito,2300003,4563
Mockito,2300004,3835
Mockito,2300009,3920
Mockito,2300010,3886
Mockito,2300011,4008
Mockito,2300012,3874
Mockito,2300027,4166
Mockito,2300028,3852
Mockito,2400012,5119
Mockito,2400013,4512
Mockito,2400014,4549
Mockito,2400015,4822
Mockito,2400016,4514
Mockito,2400017,4536
Mockito,2400018,5048
Mockito,2500007,4173
Mockito,2500013,4584
Mockito,2500014,4523
Mockito,2500015,4316
Mockito,2500016,4273
Mockito,2500017,4695
Mockito,2500018,4505
Mockito,2500019,5710
Mockito,2500020,4514
Mockito,2600051,3351
Mockito,2600052,3205
Mockito,2600053,3516
Mockito,2700020,3393
Mockito,2800015,92
Mockito,2800016,93
Mockito,2900005,190
Mockito,2900006,183
Mockito,3000018,2448
Mockito,3100006,2196
Mockito,3100007,2174
Mockito,3100008,2036
Mockito,3100009,2112
Mockito,3100010,2110
Mockito,3100011,2155
Mockito,3100012,2034
Mockito,3100013,2037
Mockito,3100014,2021
Mockito,3200011,3085
Mockito,3300041,2147
Mockito,3300042,2348
Mockito,3300043,2112
Mockito,3300044,4063
Mockito,3300045,2316
Mockito,3300046,3995
Mockito,3300047,2221
Mockito,3300048,3998
Mockito,3300049,4013
Mockito,3300050,2212
Mockito,3300051,2232
Mockito,3300052,2262
Mockito,3300053,2418
Mockito,3400044,2170
Mockito,3400045,2102
Mockito,3400046,2100
Mockito,3400047,2200
Mockito,3400048,2160
Mockito,3500022,1985
Mockito,3500031,3367
Mockito,3500033,4072
Mockito,3600114,2563
Mockito,3600115,2981
Mockito,3600116,2645
Mockito,3700005,931
Mockito,3700006,966
Mockito,3700007,962
Mockito,3700008,968
Mockito,3800020,335
Time,1,15045
Time,2,15603
Time,3,5372
Time,4,3538
Time,5,7479
Time,6,10702
Time,7,11513
Time,8,10007
Time,9,10001
Time,10,1481
Time,11,46
Time,12,6829
Time,13,3732
Time,14,14705
Time,15,3285
Time,16,10732
Time,17,13486
Time,18,10347
Time,19,14492
Time,20,10928
Time,21,15182
Time,22,8082
Time,23,8660
Time,24,774
Time,25,2714
Time,26,14579
Time,27,3741
Time,100032,19284
Time,100033,19932
Time,100034,18642
Time,100035,19358
Time,100036,19253
Time,100037,20522
Time,100038,18914
Time,100039,19552
Time,100048,19685
Time,100049,18667
Time,100050,18890
Time,100051,19077
Time,100052,19865
Time,100053,18899
Time,100423,19990
Time,200033,19920
Time,200034,26093
Time,200035,20192
Time,200399,20571
Time,200400,20086
Time,200401,19540
Time,200402,21512
Time,300058,7885
Time,300059,7298
Time,300060,6986
Time,300061,7408
Time,300064,7357
Time,300065,7077
Time,300066,8236
Time,300067,7800
Time,300070,7732
Time,300071,6957
Time,300074,7765
Time,300075,6759
Time,300076,7720
Time,300077,7422
Time,300080,7256
Time,300081,7276
Time,300082,7746
Time,300083,7439
Time,300088,7508
Time,300089,7462
Time,300090,7160
Time,300091,7326
Time,300094,6952
Time,300095,7121
Time,300099,7066
Time,300103,7132
Time,300107,7201
Time,400204,4483
Time,500517,9008
Time,500518,19480
Time,500519,9954
Time,500520,9247
Time,500521,9769
Time,500522,10368
Time,500523,9614
Time,500524,9612
Time,500525,9559
Time,500526,9837
Time,500527,10162
Time,500528,9466
Time,500529,10138
Time,500530,9516
Time,500531,9869
Time,500532,9867
Time,500533,9298
Time,500534,9601
Time,500535,9397
Time,500536,9432
Time,500537,9456
Time,500538,9545
Time,500539,9216
Time,500540,9444
Time,500541,9381
Time,500542,9532
Time,500543,11698
Time,500544,9061
Time,500545,9554
Time,500546,8819
Time,500547,9513
Time,500548,17971
Time,500549,9967
Time,500550,8973
Time,500551,9631
Time,500552,9269
Time,500553,9299
Time,500554,9738
Time,500555,9510
Time,500556,9938
Time,600021,13910
Time,600237,13651
Time,600238,25287
Time,600239,14571
Time,600240,13558
Time,600241,13545
Time,600242,13513
Time,600243,14031
Time,600244,13310
Time,600245,14020
Time,600246,14158
Time,600247,13581
Time,600248,13216
Time,600249,13551
Time,600250,13294
Time,600251,12817
Time,600252,14919
Time,600253,14218
Time,600254,13479
Time,700114,14478
Time,800048,14295
Time,800051,15134
Time,800054,13874
Time,800055,13334
Time,800056,16844
Time,800058,15711
Time,800059,13658
Time,800060,12926
Time,800061,13714
Time,800063,13623
Time,800065,13510
Time,800066,13160
Time,800067,13873
Time,800069,27619
Time,800080,14540
Time,800081,14363
Time,800082,13451
Time,800083,13681
Time,800084,13990
Time,900038,13495
Time,900041,13764
Time,900045,26444
Time,900060,14079
Time,900061,13971
Time,900062,13622
Time,900063,24721
Time,900064,14031
Time,900065,14131
Time,900070,14879
Time,900071,12731
Time,900072,13927
Time,900073,15126
Time,900074,13122
Time,900076,13526
Time,900077,13385
Time,900079,13681
Time,900084,14178
Time,900086,14459
Time,1000026,1855
Time,1100001,77
Time,1200007,9042
Time,1200009,9089
Time,1200010,8636
Time,1200011,8704
Time,1200012,8888
Time,1200013,9199
Time,1200014,8858
Time,1200015,9484
Time,1200016,9011
Time,1200017,8478
Time,1200018,9040
Time,1200019,9059
Time,1200020,8843
Time,1200021,8931
Time,1200022,8583
Time,1200024,8399
Time,1200025,8012
Time,1200026,8816
Time,1200027,9057
Time,1200390,8347
Time,1200392,8449
Time,1200393,8713
Time,1200394,9025
Time,1200395,8806
Time,1200396,9006
Time,1200397,8959
Time,1200398,8460
Time,1200399,8518
Time,1200400,8905
Time,1200401,8513
Time,1200402,9206
Time,1200403,9053
Time,1200404,8650
Time,1200405,8879
Time,1200407,8824
Time,1200408,8027
Time,1200409,8394
Time,1200410,9216
Time,1300306,4824
Time,1300307,4773
Time,1300308,4686
Time,1300309,5142
Time,1300310,5351
Time,1300311,5229
Time,1300351,5051
Time,1300373,4862
Time,1300374,4732
Time,1300375,4890
Time,1300376,5026
Time,1300377,5026
Time,1300378,4821
Time,1300379,5102
Time,1300380,4874
Time,1300381,4723
Time,1300382,4719
Time,1300383,4799
Time,1400104,20559
Time,1400105,20638
Time,1400106,19495
Time,1400107,19900
Time,1400108,21588
Time,1400109,18678
Time,1400110,19763
Time,1400111,20878
Time,1400112,20925
Time,1400113,20616
Time,1400114,20584
Time,1400115,21752
Time,1400116,19254
Time,1400117,19443
Time,1400118,21900
Time,1400119,20821
Time,1400120,20108
Time,1400121,21285
Time,1400122,19570
Time,1400123,19659
Time,1400124,20014
Time,1400125,20315
Time,1400126,19914
Time,1400127,20658
Time,1400128,20690
Time,1400129,20900
Time,1400130,20388
Time,1400131,19610
Time,1400132,21230
Time,1400133,19700
Time,1400134,20287
Time,1400135,21718
Time,1400136,19930
Time,1400137,19823
Time,1400138,24795
Time,1400139,19970
Time,1400140,20439
Time,1400141,20726
Time,1400142,20123
Time,1400143,19173
Time,1400144,22140
Time,1400145,20294
Time,1400146,20463
Time,1400147,20828
Time,1500086,4948
Time,1500087,5272
Time,1700380,17965
Time,1700381,18093
Time,1700382,18458
Time,1700384,18788
Time,1700385,18891
Time,1700386,19432
Time,1700387,18238
Time,1700388,17831
Time,1700389,18593
Time,1700390,18484
Time,1700391,18680
Time,1700392,19342
Time,1700393,18809
Time,1700394,18881
Time,1700395,17579
Time,1700396,18561
Time,1700397,18863
Time,1700398,18882
Time,1700400,20060
Time,1700401,20057
Time,1700402,18472
Time,1700403,18032
Time,1700404,17786
Time,1700405,19511
Time,1700406,19732
Time,1700407,18021
Time,1700408,18602
Time,1700409,18399
Time,1700410,18231
Time,1700411,18543
Time,1700412,17806
Time,1700413,18314
Time,1700414,18801
Time,1700415,17581
Time,1700416,17669
Time,1700417,17882
Time,1700418,19178
Time,1700419,18910
Time,1700420,18429
Time,1700421,18481
Time,1700422,19959
Time,1700423,18395
Time,1700424,18394
Time,1700425,17752
Time,1700426,18245
Time,1700427,19346
Time,1700428,18102
Time,1700429,18511
Time,1700430,18650
Time,1700431,20219
Time,1700432,19140
Time,1700433,22093
Time,1800063,12716
Time,1800064,12079
Time,1800065,12634
Time,1800066,12922
Time,1800067,12528
Time,1800068,12671
Time,1800069,13668
Time,1800070,12204
Time,1800071,12228
Time,1800072,13127
Time,1900286,19993
Time,1900287,19175
Time,1900288,19167
Time,2001156,14661
Time,2001157,14072
Time,2001158,13143
Time,2001159,13329
Time,2001160,14005
Time,2001161,13441
Time,2001162,13369
Time,2001163,13496
Time,2001164,13486
Time,2001165,13137
Time,2001166,12876
Time,2001167,12848
Time,2100022,17307
Time,2100023,17819
Time,2100024,18199
Time,2100025,17277
Time,2100026,18100
Time,2100027,17930
Time,2100028,18358
Time,2100029,17418
Time,2100030,17773
Time,2100031,18546
Time,2100042,17559
Time,2100043,20849
Time,2100044,17446
Time,2100045,16993
Time,2100046,18476
Time,2100047,19313
Time,2100048,17848
Time,2100049,17805
Time,2100050,18160
Time,2100051,18253
Time,2100052,18137
Time,2100053,17536
Time,2100054,18414
Time,2100055,18520
Time,2100056,17256
Time,2100057,17716
Time,2100058,18896
Time,2100059,18381
Time,2100060,17975
Time,2100061,17786
Time,2100062,18779
Time,2200062,9108
Time,2200063,9177
Time,2200064,9512
Time,2200065,9284
Time,2200066,8628
Time,2200067,8989
Time,2200068,8982
Time,2200069,9539
Time,2200070,8410
Time,2200071,9094
Time,2200072,9090
Time,2200073,9308
Time,2200074,8341
Time,2300148,10262
Time,2300149,10374
Time,2300158,10354
Time,2300161,10689
Time,2300163,11016
Time,2300165,10372
Time,2300166,10862
Time,2300168,11045
Time,2300170,10084
Time,2400071,5733
Time,2400072,5866
Time,2400075,5654
Time,2400076,5500
Time,2400077,6036
Time,2400078,6073
Time,2400079,6017
Time,2400080,5950
Time,2400081,5737
Time,2400082,5737
Time,2400083,5644
Time,2500258,19177
Time,2500259,17934
Time,2500260,19428
Time,2500261,18407
Time,2500262,18519
Time,2500263,18887
Time,2500264,19935
Time,2500265,19288
Time,2500266,20291
Time,2500267,19612
Time,2500268,19248
Time,2500269,18873
Time,2500270,19083
Time,2500271,18927
Time,2500272,19177
Time,2600197,20576
Time,2600200,24773
Time,2600243,19098
Time,2600257,18107
Time,2700203,3728
Time,2700204,3712
Time,2700205,3593
Time,2700206,3436
